{
  "dataset_revision": "f46a197baaae43b4f621051089b82a364682dfeb",
  "task_name": "CQADupstackAndroidRetrieval",
  "mteb_version": "1.38.54",
  "scores": {
    "test": [
      {
        "ndcg_at_1": 0.42775,
        "ndcg_at_3": 0.48487,
        "ndcg_at_5": 0.50722,
        "ndcg_at_10": 0.53829,
        "ndcg_at_20": 0.55544,
        "ndcg_at_100": 0.58747,
        "ndcg_at_1000": 0.60309,
        "map_at_1": 0.3466,
        "map_at_3": 0.43034,
        "map_at_5": 0.45055,
        "map_at_10": 0.46938,
        "map_at_20": 0.4774,
        "map_at_100": 0.48435,
        "map_at_1000": 0.48555,
        "recall_at_1": 0.3466,
        "recall_at_3": 0.5101,
        "recall_at_5": 0.57412,
        "recall_at_10": 0.66465,
        "recall_at_20": 0.72564,
        "recall_at_100": 0.87559,
        "recall_at_1000": 0.97183,
        "precision_at_1": 0.42775,
        "precision_at_3": 0.23367,
        "precision_at_5": 0.16967,
        "precision_at_10": 0.10629,
        "precision_at_20": 0.06202,
        "precision_at_100": 0.01652,
        "precision_at_1000": 0.00209,
        "mrr_at_1": 0.427754,
        "mrr_at_3": 0.504769,
        "mrr_at_5": 0.519719,
        "mrr_at_10": 0.530981,
        "mrr_at_20": 0.534064,
        "mrr_at_100": 0.53688,
        "mrr_at_1000": 0.537287,
        "nauc_ndcg_at_1_max": 0.450542,
        "nauc_ndcg_at_1_std": -0.04546,
        "nauc_ndcg_at_1_diff1": 0.536956,
        "nauc_ndcg_at_3_max": 0.428217,
        "nauc_ndcg_at_3_std": -0.04453,
        "nauc_ndcg_at_3_diff1": 0.489544,
        "nauc_ndcg_at_5_max": 0.441188,
        "nauc_ndcg_at_5_std": -0.029278,
        "nauc_ndcg_at_5_diff1": 0.480405,
        "nauc_ndcg_at_10_max": 0.446482,
        "nauc_ndcg_at_10_std": -0.031795,
        "nauc_ndcg_at_10_diff1": 0.487623,
        "nauc_ndcg_at_20_max": 0.444853,
        "nauc_ndcg_at_20_std": -0.032878,
        "nauc_ndcg_at_20_diff1": 0.479369,
        "nauc_ndcg_at_100_max": 0.452846,
        "nauc_ndcg_at_100_std": -0.015112,
        "nauc_ndcg_at_100_diff1": 0.479737,
        "nauc_ndcg_at_1000_max": 0.452125,
        "nauc_ndcg_at_1000_std": -0.01991,
        "nauc_ndcg_at_1000_diff1": 0.485113,
        "nauc_map_at_1_max": 0.368061,
        "nauc_map_at_1_std": -0.077716,
        "nauc_map_at_1_diff1": 0.548883,
        "nauc_map_at_3_max": 0.403547,
        "nauc_map_at_3_std": -0.066469,
        "nauc_map_at_3_diff1": 0.512393,
        "nauc_map_at_5_max": 0.418509,
        "nauc_map_at_5_std": -0.05404,
        "nauc_map_at_5_diff1": 0.504963,
        "nauc_map_at_10_max": 0.426267,
        "nauc_map_at_10_std": -0.049808,
        "nauc_map_at_10_diff1": 0.50561,
        "nauc_map_at_20_max": 0.42953,
        "nauc_map_at_20_std": -0.048218,
        "nauc_map_at_20_diff1": 0.503507,
        "nauc_map_at_100_max": 0.432228,
        "nauc_map_at_100_std": -0.044188,
        "nauc_map_at_100_diff1": 0.503129,
        "nauc_map_at_1000_max": 0.432358,
        "nauc_map_at_1000_std": -0.044434,
        "nauc_map_at_1000_diff1": 0.503394,
        "nauc_recall_at_1_max": 0.368061,
        "nauc_recall_at_1_std": -0.077716,
        "nauc_recall_at_1_diff1": 0.548883,
        "nauc_recall_at_3_max": 0.377696,
        "nauc_recall_at_3_std": -0.054645,
        "nauc_recall_at_3_diff1": 0.450737,
        "nauc_recall_at_5_max": 0.409604,
        "nauc_recall_at_5_std": -0.007998,
        "nauc_recall_at_5_diff1": 0.406704,
        "nauc_recall_at_10_max": 0.418449,
        "nauc_recall_at_10_std": -0.005659,
        "nauc_recall_at_10_diff1": 0.40681,
        "nauc_recall_at_20_max": 0.411057,
        "nauc_recall_at_20_std": -0.005074,
        "nauc_recall_at_20_diff1": 0.361079,
        "nauc_recall_at_100_max": 0.48814,
        "nauc_recall_at_100_std": 0.185385,
        "nauc_recall_at_100_diff1": 0.298573,
        "nauc_recall_at_1000_max": 0.731414,
        "nauc_recall_at_1000_std": 0.557993,
        "nauc_recall_at_1000_diff1": 0.240907,
        "nauc_precision_at_1_max": 0.450542,
        "nauc_precision_at_1_std": -0.04546,
        "nauc_precision_at_1_diff1": 0.536956,
        "nauc_precision_at_3_max": 0.409703,
        "nauc_precision_at_3_std": 0.018438,
        "nauc_precision_at_3_diff1": 0.279609,
        "nauc_precision_at_5_max": 0.375007,
        "nauc_precision_at_5_std": 0.080391,
        "nauc_precision_at_5_diff1": 0.158426,
        "nauc_precision_at_10_max": 0.291146,
        "nauc_precision_at_10_std": 0.103282,
        "nauc_precision_at_10_diff1": 0.060239,
        "nauc_precision_at_20_max": 0.227924,
        "nauc_precision_at_20_std": 0.090615,
        "nauc_precision_at_20_diff1": -0.001965,
        "nauc_precision_at_100_max": 0.106239,
        "nauc_precision_at_100_std": 0.100648,
        "nauc_precision_at_100_diff1": -0.098933,
        "nauc_precision_at_1000_max": -0.009188,
        "nauc_precision_at_1000_std": 0.011992,
        "nauc_precision_at_1000_diff1": -0.145666,
        "nauc_mrr_at_1_max": 0.450542,
        "nauc_mrr_at_1_std": -0.04546,
        "nauc_mrr_at_1_diff1": 0.536956,
        "nauc_mrr_at_3_max": 0.457851,
        "nauc_mrr_at_3_std": -0.035794,
        "nauc_mrr_at_3_diff1": 0.50493,
        "nauc_mrr_at_5_max": 0.461814,
        "nauc_mrr_at_5_std": -0.025643,
        "nauc_mrr_at_5_diff1": 0.494211,
        "nauc_mrr_at_10_max": 0.461839,
        "nauc_mrr_at_10_std": -0.028076,
        "nauc_mrr_at_10_diff1": 0.499341,
        "nauc_mrr_at_20_max": 0.46069,
        "nauc_mrr_at_20_std": -0.028789,
        "nauc_mrr_at_20_diff1": 0.497778,
        "nauc_mrr_at_100_max": 0.460984,
        "nauc_mrr_at_100_std": -0.028,
        "nauc_mrr_at_100_diff1": 0.498585,
        "nauc_mrr_at_1000_max": 0.460978,
        "nauc_mrr_at_1000_std": -0.028042,
        "nauc_mrr_at_1000_diff1": 0.498813,
        "main_score": 0.53829,
        "hf_subset": "default",
        "languages": [
          "eng-Latn"
        ]
      }
    ]
  },
  "evaluation_time": 1086.001974105835,
  "kg_co2_emissions": null
}